{"cameraMode":{"drawMode":0,"name":"Shaded","section":"Shading Mode"},"sceneLighting":false,"audioPlay":false,"sceneViewState":{"showFog":true,"showMaterialUpdate":false,"showSkybox":false,"showFlares":true,"showImageEffects":true,"showParticleSystems":true},"in2DMode":false,"pivot":{"x":0.04728436470031738,"y":2.2883338928222658,"z":83.38521575927735},"rotation":{"x":0.008764923550188542,"y":0.9860374927520752,"z":-0.15691086649894715,"w":0.055078890174627307},"size":15.713805198669434,"orthographic":false}