{"cameraMode":{"drawMode":0,"name":"Shaded","section":"Shading Mode"},"sceneLighting":false,"audioPlay":false,"sceneViewState":{"showFog":true,"showMaterialUpdate":false,"showSkybox":false,"showFlares":true,"showImageEffects":true,"showParticleSystems":true},"in2DMode":false,"pivot":{"x":-1.3615803718566895,"y":-0.08964228630065918,"z":2.073418140411377},"rotation":{"x":0.13035351037979127,"y":0.21095173060894013,"z":-0.02839704416692257,"w":0.9683498740196228},"size":4.266729354858398,"orthographic":false}