{"cameraMode":{"drawMode":0,"name":"Shaded","section":"Shading Mode"},"sceneLighting":false,"audioPlay":false,"sceneViewState":{"showFog":true,"showMaterialUpdate":false,"showSkybox":false,"showFlares":true,"showImageEffects":true,"showParticleSystems":true},"in2DMode":false,"pivot":{"x":-0.13135719299316407,"y":-0.299929141998291,"z":-0.5856584906578064},"rotation":{"x":0.11688889563083649,"y":0.7118248343467712,"z":-0.12205011397600174,"w":0.6817234754562378},"size":11.806940078735352,"orthographic":false}