{"cameraMode":{"drawMode":0,"name":"Shaded","section":"Shading Mode"},"sceneLighting":false,"audioPlay":false,"sceneViewState":{"showFog":true,"showMaterialUpdate":false,"showSkybox":false,"showFlares":true,"showImageEffects":true,"showParticleSystems":true},"in2DMode":false,"pivot":{"x":1.9964160919189454,"y":0.10574495792388916,"z":-0.06553983688354492},"rotation":{"x":0.06830468028783798,"y":0.8295212388038635,"z":-0.10407298803329468,"w":0.544425904750824},"size":3.8927242755889894,"orthographic":false}