{"cameraMode":{"drawMode":0,"name":"Shaded","section":"Shading Mode"},"sceneLighting":true,"audioPlay":false,"sceneViewState":{"showFog":true,"showMaterialUpdate":false,"showSkybox":true,"showFlares":true,"showImageEffects":true,"showParticleSystems":true},"in2DMode":false,"pivot":{"x":0.3474796414375305,"y":0.8999423980712891,"z":-32.85781478881836},"rotation":{"x":0.41405072808265688,"y":-0.0027308815624564888,"z":0.0012404877925291658,"w":0.9102580547332764},"size":11.719769477844239,"orthographic":false}