{"cameraMode":{"drawMode":0,"name":"Shaded","section":"Shading Mode"},"sceneLighting":false,"audioPlay":false,"sceneViewState":{"showFog":true,"showMaterialUpdate":false,"showSkybox":false,"showFlares":true,"showImageEffects":true,"showParticleSystems":true},"in2DMode":false,"pivot":{"x":-59.509986877441409,"y":-12.887435913085938,"z":-29.525634765625},"rotation":{"x":-0.0016504196682944894,"y":0.9733424782752991,"z":-0.22924664616584779,"w":-0.007007308769971132},"size":223.0435333251953,"orthographic":false}