{"cameraMode":{"drawMode":0,"name":"Shaded","section":"Shading Mode"},"sceneLighting":false,"audioPlay":false,"sceneViewState":{"showFog":true,"showMaterialUpdate":false,"showSkybox":false,"showFlares":true,"showImageEffects":true,"showParticleSystems":true},"in2DMode":false,"pivot":{"x":0.5098388195037842,"y":0.4208402633666992,"z":-2.1309974193573},"rotation":{"x":0.047806162387132648,"y":0.9453586339950562,"z":-0.16209204494953156,"w":0.27881690859794619},"size":3.2717528343200685,"orthographic":false}